id,dataset,sleep_rate,energy_rate
1001,denver,55.3846,97.1795
1002,denver,51.5385,96.0256
1003,denver,46.1538,94.4872
1004,denver,42.8205,91.4103
1005,denver,40.7692,88.3333
1006,denver,38.7179,84.8718
1007,denver,35.641,79.8718
1008,denver,33.0769,77.5641
1009,denver,28.9744,74.4872
1010,denver,26.1538,71.4103
1011,denver,23.0769,66.4103
1012,denver,22.3077,61.7949
1013,denver,22.3077,57.1795
1014,denver,23.3333,52.9487
1015,denver,25.8974,51.0256
1016,denver,29.4872,51.0256
1017,denver,32.8205,51.0256
1018,denver,35.3846,51.4103
1019,denver,40.2564,51.4103
1020,denver,44.1026,52.9487
1021,denver,46.6667,54.1026
1022,denver,50,55.2564
1023,denver,53.0769,55.641
1024,denver,56.6667,56.0256
1025,denver,59.2308,57.9487
1026,denver,61.2821,62.1795
1027,denver,61.5385,66.4103
1028,denver,61.7949,69.1026
1029,denver,57.4359,55.2564
1030,denver,54.8718,49.8718
1031,denver,52.5641,46.0256
1032,denver,48.2051,38.3333
1033,denver,49.4872,42.1795
1034,denver,51.0256,44.1026
1035,denver,45.3846,36.4103
1036,denver,42.8205,32.5641
1037,denver,38.7179,31.4103
1038,denver,35.1282,30.2564
1039,denver,32.5641,32.1795
1040,denver,30,36.7949
1041,denver,33.5897,41.4103
1042,denver,36.6667,45.641
1043,denver,38.2051,49.1026
1044,denver,29.7436,36.0256
1045,denver,29.7436,32.1795
1046,denver,30,29.1026
1047,denver,32.0513,26.7949
1048,denver,35.8974,25.2564
1049,denver,41.0256,25.2564
1050,denver,44.1026,25.641
1051,denver,47.1795,28.718
1052,denver,49.4872,31.4103
1053,denver,51.5385,34.8718
1054,denver,53.5897,37.5641
1055,denver,55.1282,40.641
1056,denver,56.6667,42.1795
1057,denver,59.2308,44.4872
1058,denver,62.3077,46.0256
1059,denver,64.8718,46.7949
1060,denver,67.9487,47.9487
1061,denver,70.5128,53.718
1062,denver,71.5385,60.641
1063,denver,71.5385,64.4872
1064,denver,69.4872,69.4872
1065,denver,46.9231,79.8718
1066,denver,48.2051,84.1026
1067,denver,50,85.2564
1068,denver,53.0769,85.2564
1069,denver,55.3846,86.0256
1070,denver,56.6667,86.0256
1071,denver,56.1538,82.9487
1072,denver,53.8462,80.641
1073,denver,51.2821,78.718
1074,denver,50,78.718
1075,denver,47.9487,77.5641
1076,denver,29.7436,59.8718
1077,denver,29.7436,62.1795
1078,denver,31.2821,62.5641
1079,denver,57.9487,99.4872
1080,denver,61.7949,99.1026
1081,denver,64.8718,97.5641
1082,denver,68.4615,94.1026
1083,denver,70.7692,91.0256
1084,denver,72.0513,86.4103
1085,denver,73.8462,83.3333
1086,denver,75.1282,79.1026
1087,denver,76.6667,75.2564
1088,denver,77.6923,71.4103
1089,denver,79.7436,66.7949
1090,denver,81.7949,60.2564
1091,denver,83.3333,55.2564
1092,denver,85.1282,51.4103
1093,denver,86.4103,47.5641
1094,denver,87.9487,46.0256
1095,denver,89.4872,42.5641
1096,denver,93.3333,39.8718
1097,denver,95.3846,36.7949
1098,denver,98.2051,33.718
1099,denver,56.6667,40.641
1100,denver,59.2308,38.3333
1101,denver,60.7692,33.718
1102,denver,63.0769,29.1026
1103,denver,64.1026,25.2564
1104,denver,64.359,24.1026
1105,denver,74.359,22.9487
1106,denver,71.2821,22.9487
1107,denver,67.9487,22.1795
1108,denver,65.8974,20.2564
1109,denver,63.0769,19.1026
1110,denver,61.2821,19.1026
1111,denver,58.7179,18.3333
1112,denver,55.1282,18.3333
1113,denver,52.3077,18.3333
1114,denver,49.7436,17.5641
1115,denver,47.4359,16.0256
1116,denver,44.8718,13.718
1117,denver,48.7179,14.8718
1118,denver,51.2821,14.8718
1119,denver,54.1026,14.8718
1120,denver,56.1538,14.1026
1121,denver,52.0513,12.5641
1122,denver,48.7179,11.0256
1123,denver,47.1795,9.8718
1124,denver,46.1538,6.0256
1125,denver,50.5128,9.4872
1126,denver,53.8462,10.2564
1127,denver,57.4359,10.2564
1128,denver,60,10.641
1129,denver,64.1026,10.641
1130,denver,66.9231,10.641
1131,denver,71.2821,10.641
1132,denver,74.359,10.641
1133,denver,78.2051,10.641
1134,denver,67.9487,8.718
1135,denver,68.4615,5.2564
1136,denver,68.2051,2.9487
1137,denver,37.6923,25.7692
1138,denver,39.4872,25.3846
1139,denver,91.2821,41.5385
1140,denver,50,95.7692
1141,denver,47.9487,95
1142,denver,44.1026,92.6923
1143,champaign-urbana,32.33111023,61.41110125
1144,champaign-urbana,53.42146288,26.18688039
1145,champaign-urbana,63.92020226,30.83219392
1146,champaign-urbana,70.28950572,82.53364859
1147,champaign-urbana,34.11883024,45.73455132
1148,champaign-urbana,67.6707164,37.11094797
1149,champaign-urbana,53.25912941,97.4757711
1150,champaign-urbana,63.51498087,25.10007858
1151,champaign-urbana,67.98053881,80.95716522
1152,champaign-urbana,67.3724659,29.7204002
1153,champaign-urbana,15.56074952,80.06564029
1154,champaign-urbana,71.79076769,71.06546666
1155,champaign-urbana,70.24254644,24.10959755
1156,champaign-urbana,64.93743554,81.55420499
1157,champaign-urbana,62.21352455,21.475839
1158,champaign-urbana,67.26940048,18.70896837
1159,champaign-urbana,40.57019704,79.37296348
1160,champaign-urbana,74.74118133,21.1016372
1161,champaign-urbana,71.76831892,20.01106184
1162,champaign-urbana,76.16691981,75.9361704
1163,champaign-urbana,65.62365744,15.58280335
1164,champaign-urbana,50.85063364,13.98760163
1165,champaign-urbana,33.02407002,24.46783039
1166,champaign-urbana,39.70632617,84.2752871
1167,champaign-urbana,45.59648495,9.763348849
1168,champaign-urbana,42.96804691,17.9454584
1169,champaign-urbana,52.49440678,16.0511142
1170,champaign-urbana,46.08227578,23.11045782
1171,champaign-urbana,74.24770821,20.31418781
1172,champaign-urbana,64.56826419,83.6396339
1173,champaign-urbana,74.02169391,76.12827451
1174,champaign-urbana,62.39118056,5.623070761
1175,champaign-urbana,74.18903668,68.13358322
1176,champaign-urbana,28.23678194,56.13959645
1177,champaign-urbana,75.77193879,69.82923003
1178,champaign-urbana,75.85522947,62.51704429
1179,champaign-urbana,65.97085702,72.744856
1180,champaign-urbana,21.77804048,6.616625307
1181,champaign-urbana,67.75979625,72.42120153
1182,champaign-urbana,78.61719534,52.57525731
1183,champaign-urbana,68.50770819,15.45691897
1184,champaign-urbana,74.88502116,25.41660632
1185,champaign-urbana,66.45490366,19.83662865
1186,champaign-urbana,77.3178021,48.39834644
1187,champaign-urbana,58.91246032,75.66775622
1188,champaign-urbana,57.61744782,8.194800603
1189,champaign-urbana,76.0882258,59.67993002
1190,champaign-urbana,57.46605055,1.504418175
1191,champaign-urbana,79.42838349,45.21079429
1192,champaign-urbana,76.35652215,10.41824113
1193,champaign-urbana,64.40507526,78.58417608
1194,champaign-urbana,40.63504181,73.39475037
1195,champaign-urbana,43.94986459,75.95871567
1196,champaign-urbana,30.99622058,71.69440494
1197,champaign-urbana,68.23076899,80.87250166
1198,champaign-urbana,72.04638946,12.91800673
1199,champaign-urbana,46.59276797,84.97238278
1200,champaign-urbana,49.25721834,81.88140323
1201,champaign-urbana,42.78176125,12.99118843
1202,champaign-urbana,65.4759522,14.27458564
1203,champaign-urbana,71.96508265,17.71023594
1204,champaign-urbana,32.14646234,43.48170944
1205,champaign-urbana,31.8384977,71.81216539
1206,champaign-urbana,31.00525826,40.68250301
1207,champaign-urbana,80.47089432,49.50214835
1208,champaign-urbana,71.96416711,41.87428267
1209,champaign-urbana,78.07942144,93.13331677
1210,champaign-urbana,41.67759577,30.20126408
1211,champaign-urbana,65.95359519,31.14740608
1212,champaign-urbana,62.93445937,31.9163907
1213,champaign-urbana,64.37379798,28.86258341
1214,champaign-urbana,72.50932836,39.54013025
1215,champaign-urbana,30.05228987,96.61754235
1216,champaign-urbana,28.00332424,46.67219195
1217,champaign-urbana,75.40122686,88.63907662
1218,champaign-urbana,38.98001542,87.32216069
1219,champaign-urbana,65.21991355,84.68295493
1220,champaign-urbana,73.05398996,29.38080856
1221,champaign-urbana,34.39836164,59.5444469
1222,champaign-urbana,43.49045013,40.78254207
1223,champaign-urbana,55.13873797,30.72576036
1224,champaign-urbana,43.68439343,32.82300987
1225,champaign-urbana,35.90360973,91.11186308
1226,champaign-urbana,45.37801888,29.16921665
1227,champaign-urbana,39.77748287,43.75581895
1228,champaign-urbana,38.66446116,33.31723848
1229,champaign-urbana,39.04403669,84.67601083
1230,champaign-urbana,91.63996144,79.40660306
1231,champaign-urbana,47.48813268,85.38993338
1232,champaign-urbana,44.59021258,22.03401164
1233,champaign-urbana,39.08961455,70.46619408
1234,champaign-urbana,42.22937838,19.91406841
1235,champaign-urbana,37.00038714,60.26427925
1236,champaign-urbana,39.05208648,70.65250285
1237,champaign-urbana,37.48841474,60.81440485
1238,champaign-urbana,69.35955946,65.5213546
1239,champaign-urbana,43.54277593,62.46031128
1240,champaign-urbana,39.81123025,65.33483281
1241,champaign-urbana,70.06892594,7.593465609
1242,champaign-urbana,70.04054358,77.1438066
1243,champaign-urbana,39.50578908,74.85162722
1244,champaign-urbana,62.51689085,66.48473224
1245,champaign-urbana,72.13992541,0.015119325
1246,champaign-urbana,45.25157607,70.00342132
1247,champaign-urbana,42.06330456,2.335196612
1248,champaign-urbana,36.35569515,6.00584865
1249,champaign-urbana,30.39182766,42.75961287
1250,champaign-urbana,36.44900385,50.54626907
1251,champaign-urbana,40.467576,60.02751209
1252,champaign-urbana,81.7246168,6.037544846
1253,champaign-urbana,48.8231975,76.63533058
1254,champaign-urbana,35.62056177,57.28601558
1255,champaign-urbana,50.58396311,71.8066161
1256,champaign-urbana,61.85646511,71.79274316
1257,champaign-urbana,39.32375603,59.30081967
1258,champaign-urbana,42.18567914,66.03489782
1259,champaign-urbana,30.84691899,37.3416401
1260,champaign-urbana,29.34620043,42.14874183
1261,champaign-urbana,82.11055798,1.210551663
1262,champaign-urbana,38.30200581,60.01778579
1263,champaign-urbana,56.58415302,70.51251481
1264,champaign-urbana,33.33937429,0.509106735
1265,champaign-urbana,78.77423904,35.48410121
1266,champaign-urbana,27.92264424,25.98687818
1267,champaign-urbana,71.69786512,10.86814451
1268,champaign-urbana,74.13833139,49.17391898
1269,champaign-urbana,32.57902007,1.808115597
1270,champaign-urbana,59.83218542,69.15250814
1271,champaign-urbana,35.03062855,12.53664934
1272,champaign-urbana,74.30011983,42.47709459
1273,champaign-urbana,63.25019706,65.9524862
1274,champaign-urbana,34.17307376,25.69367431
1275,champaign-urbana,40.91383193,38.55901955
1276,champaign-urbana,62.83329309,62.51089423
1277,champaign-urbana,42.47679238,56.73128997
1278,champaign-urbana,52.03345628,64.56666203
1279,champaign-urbana,48.90704296,74.28774883
1280,champaign-urbana,59.85183839,72.95839097
1281,champaign-urbana,48.9604602,72.62952573
1282,champaign-urbana,46.84485517,36.79171369
1283,champaign-urbana,39.96302158,42.94491485
1284,champaign-urbana,66.704944,32.01509543
1285,rochester,53.36656687,90.20803001
1286,rochester,52.80197936,90.08806451
1287,rochester,47.05412988,90.45893603
1288,rochester,42.44843378,89.50770012
1289,rochester,42.70403632,90.44262886
1290,rochester,32.37893863,90.14414263
1291,rochester,32.53070274,70.15739651
1292,rochester,33.36526443,70.45933544
1293,rochester,32.65609918,70.0510705
1294,rochester,22.95509327,70.42689515
1295,rochester,27.14984363,70.21080584
1296,rochester,26.16690928,70.50031512
1297,rochester,26.33145708,50.49455653
1298,rochester,22.00370914,50.49944012
1299,rochester,23.28474798,50.47435283
1300,rochester,27.63403839,50.50366686
1301,rochester,32.037108,50.50006612
1302,rochester,29.33651065,50.46189397
1303,rochester,40.81695313,50.4877602
1304,rochester,42.73907512,50.48315599
1305,rochester,51.86789377,50.49327326
1306,rochester,43.37100189,50.50083732
1307,rochester,53.0427983,50.48750387
1308,rochester,56.6189103,50.50337402
1309,rochester,70.56828982,50.49623612
1310,rochester,67.87088729,70.06802613
1311,rochester,58.82154659,70.45578175
1312,rochester,60.18692784,70.48355125
1313,rochester,59.43551748,50.42063261
1314,rochester,49.58584348,50.43498138
1315,rochester,41.77974178,50.47064228
1316,rochester,46.12768634,30.44941078
1317,rochester,38.03378377,50.49089952
1318,rochester,44.54684128,50.41591338
1319,rochester,46.2381176,30.49561294
1320,rochester,49.73974533,30.47272489
1321,rochester,39.11025189,30.47869518
1322,rochester,39.14283779,30.79285594
1323,rochester,34.62547027,30.49974103
1324,rochester,34.75420747,30.495865
1325,rochester,36.75370024,50.5293043
1326,rochester,37.01935129,50.4926667
1327,rochester,41.41711528,50.46977342
1328,rochester,22.81710748,30.43604034
1329,rochester,34.80070146,30.49793139
1330,rochester,27.8918898,30.48497026
1331,rochester,32.87063916,30.50234175
1332,rochester,37.79404941,30.49263834
1333,rochester,35.6673163,30.52203505
1334,rochester,48.4422995,30.50172278
1335,rochester,58.66937326,30.50683789
1336,rochester,47.91695544,30.48672575
1337,rochester,51.89416639,30.49475568
1338,rochester,51.74908916,30.47299334
1339,rochester,58.246553,50.44287449
1340,rochester,57.31069687,50.48251329
1341,rochester,67.96804811,50.45215891
1342,rochester,65.94931927,50.49424079
1343,rochester,55.74709281,50.4789748
1344,rochester,68.40301004,50.49862723
1345,rochester,76.69646563,50.49383056
1346,rochester,67.21483712,70.26002844
1347,rochester,72.30200573,70.22043738
1348,rochester,66.76325739,70.47386171
1349,rochester,51.68030044,89.99702755
1350,rochester,53.09655736,89.54024371
1351,rochester,42.24229294,89.70857859
1352,rochester,56.23387566,89.63530816
1353,rochester,54.68098658,89.96459946
1354,rochester,57.90268661,89.61840173
1355,rochester,51.82026255,89.8341304
1356,rochester,56.82839534,89.58366473
1357,rochester,58.27227859,69.90027296
1358,rochester,51.82812745,70.35264921
1359,rochester,44.84998426,70.39520297
1360,rochester,24.27038239,50.48556769
1361,rochester,34.74247144,70.33993489
1362,rochester,37.79931493,70.46953588
1363,rochester,49.78694106,89.65804699
1364,rochester,59.75149741,89.73193252
1365,rochester,64.77479924,90.13231674
1366,rochester,70.8444476,89.92420902
1367,rochester,70.60594551,90.04206196
1368,rochester,78.64248839,89.55120323
1369,rochester,70.81069225,89.59265401
1370,rochester,66.76994662,70.42337521
1371,rochester,73.33636816,70.31692717
1372,rochester,73.10514816,70.30051188
1373,rochester,74.67825414,70.44531419
1374,rochester,80.24025095,70.35430896
1375,rochester,70.94684907,50.47270179
1376,rochester,88.66266381,50.45532602
1377,rochester,84.40595283,50.49486589
1378,rochester,75.98710471,50.49196696
1379,rochester,91.11208542,50.48938939
1380,rochester,98.28812327,30.60391937
1381,rochester,95.06527484,30.50040287
1382,rochester,95.24923396,30.45945421
1383,rochester,49.65612629,50.43131987
1384,rochester,63.01860093,30.49258193
1385,rochester,70.5382006,30.48355825
1386,rochester,70.08686977,30.51004482
1387,rochester,62.68569044,30.54642456
1388,rochester,69.23941796,30.50600524
1389,rochester,80.40023368,30.48500637
1390,rochester,74.64787823,30.67386286
1391,rochester,65.99527272,30.47502419
1392,rochester,67.088559,30.49452395
1393,rochester,59.85257703,10.54318778
1394,rochester,53.74899007,10.52257453
1395,rochester,58.23909552,10.49489903
1396,rochester,54.8103005,10.72492928
1397,rochester,52.97671232,10.85949028
1398,rochester,52.20389393,10.49563692
1399,rochester,50.74516224,10.52490557
1400,rochester,42.71319362,10.48754724
1401,rochester,45.31722551,10.49587339
1402,rochester,53.11691504,10.5068606
1403,rochester,57.04980182,10.50813694
1404,rochester,54.85463095,10.46391519
1405,rochester,54.92484256,10.49833194
1406,rochester,63.30955403,10.48881424
1407,rochester,49.74949841,10.48580291
1408,rochester,41.16931042,10.49730024
1409,rochester,46.6883405,10.50753214
1410,rochester,52.41892192,10.49590636
1411,rochester,50.87848838,10.50308987
1412,rochester,57.05330614,10.51406924
1413,rochester,70.78645116,10.51369504
1414,rochester,56.77214957,10.50327235
1415,rochester,75.47722202,10.51856804
1416,rochester,76.76591215,10.49699906
1417,rochester,77.62104913,10.49587423
1418,rochester,65.41448705,10.68184013
1419,rochester,69.9647805,10.50723293
1420,rochester,64.96973826,10.48215951
1421,rochester,38.05024078,30.40794603
1422,rochester,42.22412022,30.49803716
1423,rochester,87.69846429,50.48993653
1424,rochester,52.36033107,89.70431701
1425,rochester,51.40678679,89.71213855
1426,rochester,43.58846847,89.74553655
1427,pittsburgh,50.48150817,93.22270137
1428,pittsburgh,50.28240567,97.60998357
1429,pittsburgh,50.18670334,99.69468014
1430,pittsburgh,50.32691086,90.02205349
1431,pittsburgh,50.45620733,89.98741013
1432,pittsburgh,30.46484693,82.08923208
1433,pittsburgh,30.50159647,82.30712635
1434,pittsburgh,30.48956923,77.72988014
1435,pittsburgh,30.45024833,79.8348944
1436,pittsburgh,30.5183948,68.25258294
1437,pittsburgh,30.51166121,66.09371818
1438,pittsburgh,30.49807771,62.38498503
1439,pittsburgh,30.62022775,60.86008215
1440,pittsburgh,30.49218542,55.87891689
1441,pittsburgh,30.47463433,52.32215964
1442,pittsburgh,30.50099808,48.06969968
1443,pittsburgh,30.49442136,45.77347553
1444,pittsburgh,30.49954455,49.38209975
1445,pittsburgh,50.14439298,47.01428364
1446,pittsburgh,49.91289859,55.58783891
1447,pittsburgh,50.33742749,57.95531428
1448,pittsburgh,50.4189792,60.52491173
1449,pittsburgh,50.20525897,57.92421717
1450,pittsburgh,50.43531516,56.43932247
1451,pittsburgh,69.5057889,59.28492483
1452,pittsburgh,69.53407098,64.89297733
1453,pittsburgh,69.51010693,61.32962443
1454,pittsburgh,69.52632289,56.99527913
1455,pittsburgh,49.94723996,48.22957673
1456,pittsburgh,50.06310413,58.08503756
1457,pittsburgh,50.48990237,39.20541197
1458,pittsburgh,49.68886384,42.01851441
1459,pittsburgh,50.33348111,43.58867148
1460,pittsburgh,50.44675142,57.23058894
1461,pittsburgh,50.4209092,43.3479569
1462,pittsburgh,50.37405205,32.91824062
1463,pittsburgh,30.47682991,39.42460559
1464,pittsburgh,30.50347435,38.34855614
1465,pittsburgh,30.50483493,28.77148799
1466,pittsburgh,30.46221846,32.75047203
1467,pittsburgh,30.49130262,43.56137408
1468,pittsburgh,30.44965384,44.995123
1469,pittsburgh,30.48599422,47.34794647
1470,pittsburgh,30.50207679,36.44121292
1471,pittsburgh,30.47805889,28.02058049
1472,pittsburgh,30.50116088,38.31413856
1473,pittsburgh,30.50477302,26.41662567
1474,pittsburgh,30.50911533,22.82554712
1475,pittsburgh,50.11563217,16.69400655
1476,pittsburgh,50.44830134,21.64025646
1477,pittsburgh,50.17317743,29.17786439
1478,pittsburgh,49.92274192,38.44047291
1479,pittsburgh,50.31129937,26.86048827
1480,pittsburgh,50.39940961,38.96383892
1481,pittsburgh,50.33736264,40.91338614
1482,pittsburgh,50.2023181,47.212948
1483,pittsburgh,50.27493261,49.62349934
1484,pittsburgh,69.49438031,52.61241071
1485,pittsburgh,69.51933976,47.38453371
1486,pittsburgh,69.52918261,57.84126668
1487,pittsburgh,69.4957555,58.78507316
1488,pittsburgh,69.19905771,60.41895732
1489,pittsburgh,69.55109144,58.40109827
1490,pittsburgh,69.50668432,68.08446679
1491,pittsburgh,50.44411755,75.01329951
1492,pittsburgh,50.46722938,90.28146451
1493,pittsburgh,50.21088198,80.94177171
1494,pittsburgh,50.20540696,90.6405359
1495,pittsburgh,50.43829066,92.35476027
1496,pittsburgh,50.37351885,82.21920572
1497,pittsburgh,50.25368369,81.74382872
1498,pittsburgh,50.25047086,71.95138521
1499,pittsburgh,50.08705836,73.95187363
1500,pittsburgh,50.23107188,80.64738706
1501,pittsburgh,50.20774112,73.11450352
1502,pittsburgh,30.49950617,53.61252767
1503,pittsburgh,30.52036124,65.10040907
1504,pittsburgh,30.45495589,63.50177878
1505,pittsburgh,50.41647723,97.26969196
1506,pittsburgh,69.52506938,93.59805021
1507,pittsburgh,69.5202566,97.19387602
1508,pittsburgh,69.49897007,92.12048993
1509,pittsburgh,69.52861566,91.62208824
1510,pittsburgh,69.49976693,84.47968329
1511,pittsburgh,69.50380137,81.81540562
1512,pittsburgh,69.4875894,81.83598756
1513,pittsburgh,69.51911573,71.11596722
1514,pittsburgh,69.50437629,70.49344382
1515,pittsburgh,69.51257301,61.49756395
1516,pittsburgh,89.49420056,62.23432697
1517,pittsburgh,89.50012405,53.21633062
1518,pittsburgh,89.49024625,48.89079655
1519,pittsburgh,89.49778562,46.62990667
1520,pittsburgh,89.50485113,48.42340816
1521,pittsburgh,89.50105265,43.3473437
1522,pittsburgh,89.48884125,40.62509122
1523,pittsburgh,89.50162353,45.81517919
1524,pittsburgh,89.49752966,33.90137267
1525,pittsburgh,50.43909202,37.6707718
1526,pittsburgh,50.17985013,36.80755934
1527,pittsburgh,69.50507067,33.7401525
1528,pittsburgh,69.57986705,21.93523675
1529,pittsburgh,69.50647195,22.72866287
1530,pittsburgh,69.49947887,16.33746998
1531,pittsburgh,69.50026475,27.13602399
1532,pittsburgh,69.50415652,23.6689181
1533,pittsburgh,69.53227958,21.85090082
1534,pittsburgh,69.50011149,11.79162601
1535,pittsburgh,69.50481542,15.61435826
1536,pittsburgh,69.50347452,17.16908977
1537,pittsburgh,50.37740199,16.50601506
1538,pittsburgh,50.33942548,18.72345069
1539,pittsburgh,50.0936501,11.60771342
1540,pittsburgh,49.93412717,22.25613974
1541,pittsburgh,50.28881861,13.43641047
1542,pittsburgh,50.28799443,12.87228221
1543,pittsburgh,50.2347207,20.40447292
1544,pittsburgh,50.27970164,15.60873757
1545,pittsburgh,50.25300672,11.30208425
1546,pittsburgh,50.47414112,12.46199667
1547,pittsburgh,50.10843997,18.25904434
1548,pittsburgh,49.91905825,3.716853886
1549,pittsburgh,50.08366451,10.2358819
1550,pittsburgh,50.35226084,12.46860053
1551,pittsburgh,50.49757224,7.409625234
1552,pittsburgh,50.01630583,16.25368479
1553,pittsburgh,50.46822122,13.35670246
1554,pittsburgh,69.55067898,9.032987569
1555,pittsburgh,69.51867275,15.18048643
1556,pittsburgh,69.50345741,16.87831327
1557,pittsburgh,69.49948683,10.20782668
1558,pittsburgh,69.52752968,9.992296666
1559,pittsburgh,69.51909526,11.4226857
1560,pittsburgh,69.56189943,15.99980379
1561,pittsburgh,69.50104452,5.955833539
1562,pittsburgh,69.52463598,2.73476017
1563,pittsburgh,30.49959371,26.08556157
1564,pittsburgh,30.48739171,19.77947037
1565,pittsburgh,89.50018047,31.97891744
1566,pittsburgh,50.41027163,98.62836944
1567,pittsburgh,50.32592439,94.99463085
1568,pittsburgh,50.1040315,95.08853802
1569,madison,38.33775718,92.47271905
1570,madison,35.75187079,94.11676803
1571,madison,32.76721796,88.51829458
1572,madison,33.72960678,88.62226579
1573,madison,37.23824933,83.72492841
1574,madison,36.02719822,82.04078065
1575,madison,39.23928078,79.26372384
1576,madison,39.78452494,82.2605659
1577,madison,35.16602939,84.15649198
1578,madison,40.62211592,78.54210421
1579,madison,39.18190709,79.8190372
1580,madison,42.43088899,75.13363464
1581,madison,43.08125586,75.34670164
1582,madison,44.36071943,70.47420705
1583,madison,44.32477884,71.0459044
1584,madison,47.5521602,66.46040372
1585,madison,48.66492462,64.96100494
1586,madison,46.28063196,68.02842315
1587,madison,50.56324448,62.62382797
1588,madison,52.63096423,59.96393579
1589,madison,54.63620644,57.49384244
1590,madison,51.34602714,61.60055304
1591,madison,57.13485535,53.8779658
1592,madison,54.17124157,58.0598079
1593,madison,50.94238231,62.09739394
1594,madison,66.51292446,59.07128185
1595,madison,64.3979095,56.1748754
1596,madison,68.68659329,62.23734399
1597,madison,65.02779371,57.09625735
1598,madison,53.30450317,40.88384455
1599,madison,52.94517809,40.38462569
1600,madison,45.2257382,30.55522592
1601,madison,50.84330462,37.7446281
1602,madison,49.65929394,36.27344274
1603,madison,47.14278893,32.02506417
1604,madison,41.27005653,21.72181715
1605,madison,47.13012716,31.30990292
1606,madison,40.91597158,23.54159239
1607,madison,38.66016397,21.68954964
1608,madison,42.61255083,24.19505377
1609,madison,41.2090395,24.12870919
1610,madison,50.64922115,37.48379074
1611,madison,52.13190194,39.36460208
1612,madison,39.79727127,16.08354965
1613,madison,43.54988148,24.30721094
1614,madison,36.71466334,17.38180986
1615,madison,37.22461013,17.98006448
1616,madison,40.51244785,22.96221457
1617,madison,40.22206279,20.6146217
1618,madison,44.12496121,23.36624529
1619,madison,42.3462616,24.55832694
1620,madison,44.18908437,28.77262547
1621,madison,45.81424531,31.05697967
1622,madison,46.64311927,31.40721906
1623,madison,52.1898883,39.36779649
1624,madison,51.10031736,38.09569998
1625,madison,65.40083415,42.61403204
1626,madison,64.85203983,43.13373484
1627,madison,63.40380601,44.84749369
1628,madison,65.37154887,42.69597132
1629,madison,61.9080397,53.19035207
1630,madison,71.826653,65.68623036
1631,madison,72.65462316,66.87827761
1632,madison,76.88857816,72.16547208
1633,madison,43.74461968,71.26796108
1634,madison,39.05424844,83.1190207
1635,madison,39.93167463,79.939188
1636,madison,39.76282611,76.40596745
1637,madison,41.32338329,80.2118686
1638,madison,41.78732323,83.98807799
1639,madison,39.75564907,79.65709664
1640,madison,40.7498794,77.20465729
1641,madison,43.8568985,77.60984365
1642,madison,42.3678225,73.63827183
1643,madison,39.46295984,78.4599739
1644,madison,44.51733395,70.36934983
1645,madison,41.636093,76.24922292
1646,madison,45.42293218,69.09550167
1647,madison,42.00285627,97.83761472
1648,madison,76.10562903,95.30498058
1649,madison,79.20256268,92.40721563
1650,madison,84.84824409,95.42480453
1651,madison,81.56447532,83.79290723
1652,madison,85.4461864,83.07829384
1653,madison,80.31249138,76.51623895
1654,madison,80.7662323,79.89606568
1655,madison,82.67011248,81.71147985
1656,madison,77.16362548,73.52371896
1657,madison,74.07070003,68.47956429
1658,madison,74.11423087,71.92636352
1659,madison,68.94207546,62.63515058
1660,madison,73.24200233,67.35327113
1661,madison,71.86701316,34.32915759
1662,madison,71.56918885,34.69921861
1663,madison,71.48290969,34.68051699
1664,madison,78.12852205,23.13923184
1665,madison,78.78982525,25.59719335
1666,madison,77.7815468,23.44721447
1667,madison,48.53062937,34.15245001
1668,madison,65.53078147,42.2810847
1669,madison,70.11803414,36.44818479
1670,madison,70.47226261,36.08805306
1671,madison,76.79113007,28.07200817
1672,madison,72.40935459,33.03925697
1673,madison,76.27129982,25.56954415
1674,madison,76.95325914,27.77061074
1675,madison,75.10773009,30.01698342
1676,madison,75.9692852,29.03886538
1677,madison,75.28388701,24.87475317
1678,madison,77.05224064,27.90563909
1679,madison,42.82675634,25.55695941
1680,madison,42.08066069,24.94652645
1681,madison,39.87830465,18.32492922
1682,madison,36.47549917,17.71894779
1683,madison,37.10307364,15.44561165
1684,madison,34.14896821,13.52386987
1685,madison,37.57942191,15.01589013
1686,madison,41.06430579,12.21446893
1687,madison,42.19526615,20.91937219
1688,madison,36.60557824,15.74887589
1689,madison,39.43116121,19.32384075
1690,madison,37.56207634,11.9284457
1691,madison,34.23811004,13.71315823
1692,madison,34.14094104,4.57766135
1693,madison,36.6592677,17.68196446
1694,madison,40.64371928,20.24086137
1695,madison,36.79248159,13.39213473
1696,madison,75.94830064,22.74479591
1697,madison,76.84069247,20.91854722
1698,madison,81.95047764,19.87455821
1699,madison,81.64370569,16.59175998
1700,madison,84.61021978,14.2477619
1701,madison,84.10287943,8.98065579
1702,madison,80.18002545,19.08884413
1703,madison,80.57327299,8.365638902
1704,madison,79.00432686,10.62819777
1705,madison,40.04818647,24.26148793
1706,madison,34.79459354,13.96968346
1707,madison,79.22176444,22.09459148
1708,madison,36.03087977,93.12173324
1709,madison,34.49955831,86.60998505
1710,madison,31.10686656,89.46163524
1711,sacramento,58.21360826,91.88189151
1712,sacramento,58.19605369,92.21498865
1713,sacramento,58.71823072,90.31053209
1714,sacramento,57.27837287,89.90760672
1715,sacramento,58.08202049,92.00814501
1716,sacramento,57.48944777,88.08528556
1717,sacramento,28.08874132,63.51079443
1718,sacramento,28.08546821,63.59019695
1719,sacramento,28.08727305,63.12328281
1720,sacramento,27.57802522,62.82103866
1721,sacramento,27.77991911,63.51814752
1722,sacramento,28.58899981,63.02408057
1723,sacramento,28.7391415,62.72086389
1724,sacramento,27.02460324,62.90185886
1725,sacramento,28.8013367,63.38904039
1726,sacramento,27.18646384,63.55872965
1727,sacramento,29.2851466,63.38360583
1728,sacramento,39.4029453,51.1508572
1729,sacramento,28.81132844,61.35785406
1730,sacramento,34.30395791,56.54212591
1731,sacramento,29.60276098,60.15734672
1732,sacramento,49.11615686,63.66000062
1733,sacramento,39.61754583,62.92518796
1734,sacramento,43.23308466,63.16521872
1735,sacramento,64.89278794,65.81417676
1736,sacramento,62.49014932,74.58428961
1737,sacramento,68.98808443,63.23214731
1738,sacramento,62.10561863,75.99087076
1739,sacramento,32.46184674,62.88190292
1740,sacramento,41.32720065,49.07025127
1741,sacramento,44.00714993,46.44967378
1742,sacramento,44.07406069,34.55320389
1743,sacramento,44.00131524,33.90420735
1744,sacramento,45.00630045,38.29901955
1745,sacramento,44.44384061,36.0190833
1746,sacramento,42.1787134,26.49211948
1747,sacramento,44.04456562,35.66223828
1748,sacramento,41.64045402,27.09309542
1749,sacramento,41.93833001,24.99152298
1750,sacramento,44.05392751,33.55639249
1751,sacramento,39.20671933,51.5337157
1752,sacramento,28.70444923,61.7775254
1753,sacramento,31.7086629,58.83775437
1754,sacramento,42.81171147,30.02044842
1755,sacramento,43.30061489,31.5264262
1756,sacramento,40.39863291,16.34700838
1757,sacramento,40.43569158,20.23267068
1758,sacramento,40.93654667,16.91300484
1759,sacramento,39.66157367,15.60935558
1760,sacramento,40.89925918,20.79852895
1761,sacramento,41.96861683,26.4970726
1762,sacramento,40.38340582,21.39122552
1763,sacramento,56.53812645,32.44424547
1764,sacramento,52.97069128,29.04019669
1765,sacramento,54.62095259,30.34452445
1766,sacramento,65.09904439,27.24155756
1767,sacramento,63.05599091,29.70909567
1768,sacramento,70.96013623,41.25950129
1769,sacramento,69.89581924,43.45375927
1770,sacramento,70.59589286,41.96474387
1771,sacramento,69.64702143,44.04444502
1772,sacramento,77.39298249,63.37145906
1773,sacramento,64.40078719,67.44871845
1774,sacramento,63.86895983,70.21373883
1775,sacramento,56.59442132,86.92700622
1776,sacramento,56.53133729,87.49981107
1777,sacramento,59.65215837,87.80946159
1778,sacramento,56.6365087,85.63749556
1779,sacramento,58.672288,90.07716031
1780,sacramento,58.22161273,90.41101877
1781,sacramento,57.91466448,89.95380277
1782,sacramento,55.31550906,80.25186069
1783,sacramento,54.57572859,77.53628847
1784,sacramento,54.41309365,78.22908659
1785,sacramento,55.0745059,79.81754642
1786,sacramento,29.43296052,60.80177654
1787,sacramento,29.42268607,63.06846482
1788,sacramento,29.00561416,63.39075133
1789,sacramento,58.46183859,90.26532639
1790,sacramento,57.99780474,92.15990861
1791,sacramento,57.54947408,90.74890656
1792,sacramento,59.52992846,88.32727415
1793,sacramento,58.24939106,92.12968148
1794,sacramento,58.02451401,91.69442117
1795,sacramento,58.38212449,90.55347607
1796,sacramento,62.56675904,77.74393476
1797,sacramento,72.17582431,63.12892942
1798,sacramento,79.47276157,63.40868612
1799,sacramento,80.35770088,63.29543754
1800,sacramento,78.75723614,53.33262001
1801,sacramento,82.54023959,56.54105229
1802,sacramento,86.43589719,59.79276181
1803,sacramento,79.48868442,53.65167426
1804,sacramento,81.53042032,56.02536457
1805,sacramento,79.18678857,53.23479185
1806,sacramento,77.89905795,51.82245833
1807,sacramento,75.13071421,23.37244197
1808,sacramento,76.05801375,16.38374969
1809,sacramento,57.61467439,33.82244765
1810,sacramento,56.17139753,32.11798877
1811,sacramento,66.2878906,26.11710975
1812,sacramento,67.88171962,24.23601841
1813,sacramento,64.0280813,27.67268551
1814,sacramento,77.49665175,14.94852356
1815,sacramento,77.63465176,14.46185393
1816,sacramento,77.86372643,14.61067765
1817,sacramento,77.33815817,15.89005466
1818,sacramento,76.18041653,15.91257375
1819,sacramento,77.25265109,15.15151702
1820,sacramento,77.41337528,15.22192798
1821,sacramento,76.7318494,16.21684614
1822,sacramento,49.47110541,25.06301931
1823,sacramento,42.47653994,18.33847356
1824,sacramento,43.59511586,19.99420098
1825,sacramento,50.33996967,26.47139661
1826,sacramento,40.74898026,16.18214166
1827,sacramento,38.38652558,14.58021515
1828,sacramento,38.40401521,14.45194845
1829,sacramento,38.76427889,14.36559047
1830,sacramento,41.47014233,17.27803344
1831,sacramento,47.15540481,22.37793253
1832,sacramento,39.58256675,17.64845284
1833,sacramento,41.74024382,17.82932431
1834,sacramento,39.31187189,15.64071697
1835,sacramento,41.67984769,17.74591901
1836,sacramento,39.08746445,15.12230394
1837,sacramento,41.48150286,18.04743744
1838,sacramento,77.60608655,15.16287254
1839,sacramento,75.98266152,16.30692238
1840,sacramento,76.94575724,15.85847833
1841,sacramento,77.54372007,15.25394915
1842,sacramento,77.58473984,15.83003939
1843,sacramento,76.82230426,15.59516532
1844,sacramento,77.34857166,15.77452924
1845,sacramento,77.57315269,14.78064583
1846,sacramento,77.97261068,14.95569875
1847,sacramento,41.52891976,24.91642519
1848,sacramento,43.7225508,19.0773278
1849,sacramento,79.32607818,52.90039129
1850,sacramento,56.66397408,87.94012501
1851,sacramento,57.82178923,90.69316655
1852,sacramento,58.2431719,92.10432787
1853,albuquerque,57.61323355,83.9051708
1854,albuquerque,51.27439182,82.81798294
1855,albuquerque,50.75389841,76.75412895
1856,albuquerque,37.02118401,81.95447
1857,albuquerque,42.88175509,80.18477005
1858,albuquerque,37.15571048,84.95411141
1859,albuquerque,38.73185813,83.78935643
1860,albuquerque,31.00052541,82.5794806
1861,albuquerque,25.98549962,74.34938755
1862,albuquerque,23.71456629,75.09804908
1863,albuquerque,23.07731951,71.72053967
1864,albuquerque,24.93913687,72.58028581
1865,albuquerque,17.89349871,71.10968734
1866,albuquerque,23.67308186,64.87083914
1867,albuquerque,23.74907191,63.5571719
1868,albuquerque,32.21517863,65.60095802
1869,albuquerque,29.43684125,67.55452811
1870,albuquerque,40.0500952,71.88903357
1871,albuquerque,37.57479502,69.98874444
1872,albuquerque,49.31046863,67.16876032
1873,albuquerque,47.34801855,72.59161154
1874,albuquerque,50.15741443,71.16172582
1875,albuquerque,58.21000827,68.04453807
1876,albuquerque,56.60890766,70.40894609
1877,albuquerque,52.83382053,72.55188627
1878,albuquerque,61.81858546,76.11282402
1879,albuquerque,61.72763341,77.06923841
1880,albuquerque,62.19225208,76.15681921
1881,albuquerque,58.11876586,73.11896147
1882,albuquerque,58.27041238,35.59689504
1883,albuquerque,59.76653031,32.6212516
1884,albuquerque,52.53553472,27.17412294
1885,albuquerque,50.89252158,29.14528394
1886,albuquerque,49.96755118,28.46020333
1887,albuquerque,51.34788323,27.36426023
1888,albuquerque,37.55511629,24.53766384
1889,albuquerque,39.19959418,23.68049566
1890,albuquerque,36.3827222,25.23800523
1891,albuquerque,41.10069438,26.55261322
1892,albuquerque,28.21781182,28.28029248
1893,albuquerque,33.79707204,28.69975074
1894,albuquerque,43.91938731,27.79784459
1895,albuquerque,44.41640111,28.94769233
1896,albuquerque,28.03760277,26.80382436
1897,albuquerque,31.68957613,26.66640021
1898,albuquerque,27.27961285,19.25728097
1899,albuquerque,31.22187836,26.44085578
1900,albuquerque,33.5458051,20.0807081
1901,albuquerque,39.73633061,23.49480698
1902,albuquerque,42.84184265,20.33390044
1903,albuquerque,47.09372989,26.99347063
1904,albuquerque,51.45365835,26.02294175
1905,albuquerque,49.36770682,22.0055807
1906,albuquerque,48.25348097,29.27085553
1907,albuquerque,61.00295976,30.01531443
1908,albuquerque,60.8065608,27.86831349
1909,albuquerque,59.06742702,26.78828402
1910,albuquerque,61.41463372,31.03937506
1911,albuquerque,68.93436947,31.61989309
1912,albuquerque,63.06524386,34.23574659
1913,albuquerque,72.27252287,67.64444379
1914,albuquerque,75.35988197,75.42161458
1915,albuquerque,72.83362587,72.11469381
1916,albuquerque,70.81041484,79.35046183
1917,albuquerque,45.80193476,81.65826775
1918,albuquerque,45.83502017,82.74259199
1919,albuquerque,40.07880645,80.24718526
1920,albuquerque,51.9829247,82.20438347
1921,albuquerque,57.33790605,84.99951887
1922,albuquerque,62.33623276,83.2465679
1923,albuquerque,58.50591009,81.74558634
1924,albuquerque,56.24793514,83.51394949
1925,albuquerque,55.40652083,80.26667197
1926,albuquerque,53.28396884,84.26359922
1927,albuquerque,44.67676155,80.23828555
1928,albuquerque,30.01126425,68.14675637
1929,albuquerque,29.74525392,74.40452683
1930,albuquerque,37.30994835,72.5861552
1931,albuquerque,61.13594691,82.53756936
1932,albuquerque,61.72061919,85.70569345
1933,albuquerque,63.60937986,83.36002884
1934,albuquerque,70.72371623,87.15220752
1935,albuquerque,75.00639264,82.42583516
1936,albuquerque,75.09254978,83.43739071
1937,albuquerque,70.32792918,82.0293547
1938,albuquerque,70.86333083,79.40817475
1939,albuquerque,75.77990482,79.88619942
1940,albuquerque,78.09365907,77.75955818
1941,albuquerque,76.74576122,71.97336009
1942,albuquerque,78.46460344,69.74930082
1943,albuquerque,76.74568485,70.04405726
1944,albuquerque,85.16168219,65.51240471
1945,albuquerque,91.80835257,34.96559448
1946,albuquerque,91.88744859,34.76925386
1947,albuquerque,92.24840166,32.37715443
1948,albuquerque,91.78253274,34.38429465
1949,albuquerque,96.08051937,28.0536005
1950,albuquerque,92.24789883,28.07075149
1951,albuquerque,57.66227662,24.06060793
1952,albuquerque,59.84692489,26.17771249
1953,albuquerque,64.06709621,27.77650056
1954,albuquerque,60.9815014,23.93429816
1955,albuquerque,59.96705791,26.80258322
1956,albuquerque,62.70745411,21.99550858
1957,albuquerque,69.1952352,22.70979217
1958,albuquerque,65.59236265,20.6941731
1959,albuquerque,64.61709853,22.44314555
1960,albuquerque,59.19115913,17.76790181
1961,albuquerque,55.83963137,21.61856967
1962,albuquerque,59.00075862,21.17100749
1963,albuquerque,56.45937113,25.14456421
1964,albuquerque,52.35810536,19.41705412
1965,albuquerque,51.81166378,17.0334946
1966,albuquerque,54.22284562,19.50366554
1967,albuquerque,49.0187554,23.48927402
1968,albuquerque,35.6535812,17.51450806
1969,albuquerque,46.96578576,16.78920162
1970,albuquerque,49.58423926,16.75791601
1971,albuquerque,51.85629997,21.96908401
1972,albuquerque,55.95288863,16.7897576
1973,albuquerque,51.66378626,19.9251252
1974,albuquerque,45.85966932,17.12890368
1975,albuquerque,39.74037952,18.74105141
1976,albuquerque,52.81122164,17.85498812
1977,albuquerque,56.78910436,17.30611552
1978,albuquerque,54.11453178,17.67353439
1979,albuquerque,55.57111973,17.36957458
1980,albuquerque,65.3064625,18.19735483
1981,albuquerque,66.99074915,17.22287065
1982,albuquerque,72.15671894,16.81427479
1983,albuquerque,70.9805804,17.15575228
1984,albuquerque,72.22208221,19.3692817
1985,albuquerque,79.70015835,20.74021837
1986,albuquerque,64.24916065,14.91396246
1987,albuquerque,66.94329143,20.1891325
1988,albuquerque,66.94167666,18.24350939
1989,albuquerque,39.64826665,22.73136637
1990,albuquerque,37.94978369,26.52174923
1991,albuquerque,86.50439056,34.89402529
1992,albuquerque,50.81548536,78.95083881
1993,albuquerque,51.18346666,85.12885465
1994,albuquerque,40.86385523,82.9261453
1995,boston,51.14791671,90.86741233
1996,boston,50.51712581,89.10239459
1997,boston,50.2074802,85.4600474
1998,boston,50.06948192,83.05766953
1999,boston,50.56284634,82.93782178
2000,boston,50.2885278,82.97525357
2001,boston,25.58347508,82.91489113
2002,boston,25.48358339,82.92908498
2003,boston,25.4435257,82.8742005
2004,boston,25.56511342,82.92409777
2005,boston,25.92884427,82.82118411
2006,boston,27.55147826,51.48738653
2007,boston,27.53046637,51.41484656
2008,boston,27.09557036,52.07679944
2009,boston,27.43924961,51.71207905
2010,boston,27.87826426,50.70890793
2011,boston,27.33886892,51.65304675
2012,boston,27.67840297,51.18198917
2013,boston,52.63565768,51.41855226
2014,boston,52.02521411,52.12301105
2015,boston,52.88116479,50.62155476
2016,boston,52.95260731,50.07473901
2017,boston,52.52055249,51.5024421
2018,boston,52.34282206,51.86195209
2019,boston,51.92759021,52.25779061
2020,boston,52.71377449,51.19794432
2021,boston,50.44380279,82.94182882
2022,boston,50.21669503,83.75234297
2023,boston,52.18418011,51.97525067
2024,boston,52.79209735,51.07339565
2025,boston,52.58971986,51.3380902
2026,boston,52.02884867,52.1768375
2027,boston,52.72924658,51.20176505
2028,boston,52.88431329,50.44143545
2029,boston,52.50930089,51.41620515
2030,boston,50.86268433,17.14563109
2031,boston,50.89149225,17.14132373
2032,boston,25.8551276,17.08190869
2033,boston,26.02564455,16.92501353
2034,boston,27.89317272,50.66196341
2035,boston,27.63996794,51.39909748
2036,boston,27.8926589,50.79528152
2037,boston,52.79773294,50.68603709
2038,boston,27.58063881,51.52476126
2039,boston,26.49139853,17.40539097
2040,boston,25.98531782,17.20372213
2041,boston,26.20141928,17.09382391
2042,boston,25.85756947,17.11384266
2043,boston,50.70468436,17.02374454
2044,boston,50.81197535,17.11492526
2045,boston,50.56484556,17.07777732
2046,boston,50.93930391,16.98102188
2047,boston,50.45885484,17.03857897
2048,boston,52.90136407,50.69056272
2049,boston,52.68495344,51.29446922
2050,boston,52.50008894,51.59435617
2051,boston,51.83563726,52.33576553
2052,boston,76.9954121,52.04552865
2053,boston,77.31060048,51.74673004
2054,boston,77.92604434,50.31866042
2055,boston,77.25438834,51.46182482
2056,boston,76.2431578,52.12368985
2057,boston,77.08448437,51.9671367
2058,boston,75.2280532,82.98566202
2059,boston,50.65835477,83.11447934
2060,boston,50.20336581,82.98265686
2061,boston,50.9295477,82.84604113
2062,boston,50.17867185,83.18462233
2063,boston,50.42269806,82.90990147
2064,boston,50.46422483,82.93532841
2065,boston,50.44927033,83.96992038
2066,boston,49.92838028,82.99366549
2067,boston,50.48801364,83.09951912
2068,boston,49.96490538,83.7083177
2069,boston,50.75210826,82.9019501
2070,boston,27.42242921,51.43887623
2071,boston,27.6740834,51.30411215
2072,boston,27.53739532,51.59365408
2073,boston,52.26334738,94.24932783
2074,boston,51.73728166,92.97911753
2075,boston,75.87096369,88.38644174
2076,boston,75.24432621,83.90349738
2077,boston,75.19829529,83.46230334
2078,boston,75.70104153,82.91945886
2079,boston,75.47933966,82.88405139
2080,boston,75.19456687,82.93211578
2081,boston,74.82025396,82.96238879
2082,boston,75.16434049,83.03499717
2083,boston,75.26335555,82.9452793
2084,boston,77.75641893,51.15177033
2085,boston,77.95443505,50.47557897
2086,boston,77.08333777,52.15779927
2087,boston,76.06355025,52.10465206
2088,boston,77.68201632,51.16563781
2089,boston,76.87808198,51.8675623
2090,boston,76.94850272,51.90751654
2091,boston,77.86405471,49.66254553
2092,boston,75.77145009,17.11125121
2093,boston,52.33156913,51.87886035
2094,boston,52.59281837,51.39159152
2095,boston,50.47704772,17.04828941
2096,boston,75.29647509,17.01565319
2097,boston,75.57395413,17.06219214
2098,boston,75.40052716,17.04110689
2099,boston,75.87099084,17.13489391
2100,boston,75.60588476,17.06772306
2101,boston,75.89557705,17.16994971
2102,boston,75.7465632,17.10571651
2103,boston,75.14234148,16.75492389
2104,boston,50.66177956,17.07814052
2105,boston,50.69985064,17.08518438
2106,boston,50.91894087,17.14760476
2107,boston,50.72525854,16.90746981
2108,boston,51.26387123,17.16234971
2109,boston,51.25091965,17.24045586
2110,boston,50.78515721,17.18019648
2111,boston,50.50139658,17.10577072
2112,boston,50.73367454,16.99296341
2113,boston,50.71137854,17.08831585
2114,boston,50.8127449,16.57271805
2115,boston,51.01423296,17.22109553
2116,boston,50.35352141,17.06474308
2117,boston,50.43552957,17.0651685
2118,boston,50.63098196,17.07652235
2119,boston,51.0668072,17.20885971
2120,boston,50.79235473,17.20421434
2121,boston,50.55127806,17.08465518
2122,boston,50.55975806,17.09388377
2123,boston,75.32597855,15.77189199
2124,boston,75.04472578,17.00426226
2125,boston,75.28708772,16.17493491
2126,boston,75.23996998,17.03184749
2127,boston,75.1524592,17.0049424
2128,boston,75.96184009,16.69484223
2129,boston,75.44806251,17.04514941
2130,boston,75.75938382,16.94292965
2131,boston,50.3782623,16.94627981
2132,boston,50.53363501,17.01958137
2133,boston,77.50090732,50.16698595
2134,boston,50.69112419,87.51396042
2135,boston,49.99039495,83.99735692
2136,boston,50.12718203,82.99075
2137,ithaca,55.99303015,79.2772637
2138,ithaca,50.03225379,79.0130712
2139,ithaca,51.28845866,82.43593984
2140,ithaca,51.17053689,79.16529411
2141,ithaca,44.37791453,78.164628
2142,ithaca,45.01027007,77.88086312
2143,ithaca,48.55981672,78.7883706
2144,ithaca,42.14226829,76.88063455
2145,ithaca,41.02697157,76.40958846
2146,ithaca,34.57530901,72.72484118
2147,ithaca,31.16860072,69.24542132
2148,ithaca,32.64425407,70.73255503
2149,ithaca,26.66664565,62.98097121
2150,ithaca,26.45926233,62.63467337
2151,ithaca,25.53800765,60.63023611
2152,ithaca,26.32071119,62.39628112
2153,ithaca,26.16338746,62.0268149
2154,ithaca,25.21379046,60.2733986
2155,ithaca,26.85952956,63.14183467
2156,ithaca,31.76066917,69.79765539
2157,ithaca,39.79329057,75.80796422
2158,ithaca,45.61743919,78.11997023
2159,ithaca,53.77146068,79.30293164
2160,ithaca,56.45143367,79.24710702
2161,ithaca,66.0937202,77.01781826
2162,ithaca,56.92583942,79.20631862
2163,ithaca,58.98825385,78.91725896
2164,ithaca,57.90226605,79.08086782
2165,ithaca,64.81286696,77.48693892
2166,ithaca,60.34979352,78.72944587
2167,ithaca,48.89055576,16.80654352
2168,ithaca,47.54950635,17.07140452
2169,ithaca,30.88943083,26.32903723
2170,ithaca,28.97283572,29.05046892
2171,ithaca,35.16136075,22.78684965
2172,ithaca,45.87036917,17.48939337
2173,ithaca,32.83142061,24.79753815
2174,ithaca,39.48557479,20.03305005
2175,ithaca,33.44618293,24.19064341
2176,ithaca,21.86358128,46.05259335
2177,ithaca,25.16587084,35.76661395
2178,ithaca,22.95947898,51.28770679
2179,ithaca,25.58605524,60.84658336
2180,ithaca,26.31431007,33.2971681
2181,ithaca,33.03730125,24.56446249
2182,ithaca,36.46888948,21.87611447
2183,ithaca,26.5135531,32.91874982
2184,ithaca,36.02709121,22.19543854
2185,ithaca,42.68104041,18.5425362
2186,ithaca,45.04107713,17.73451773
2187,ithaca,47.35241646,17.13474543
2188,ithaca,53.84619403,16.3873181
2189,ithaca,55.12963938,16.35324687
2190,ithaca,52.18811996,16.41821747
2191,ithaca,58.67266308,16.66337243
2192,ithaca,82.1443116,33.19522187
2193,ithaca,75.68657114,24.74151039
2194,ithaca,85.3449645,52.88641987
2195,ithaca,83.84465351,58.61606023
2196,ithaca,85.66476066,45.54275277
2197,ithaca,77.93100493,68.69006188
2198,ithaca,73.03183302,73.12057473
2199,ithaca,70.1028045,75.68320685
2200,ithaca,57.14469469,79.19410259
2201,ithaca,46.96246199,78.666559
2202,ithaca,50.56493381,79.07729855
2203,ithaca,53.71967657,79.30693617
2204,ithaca,54.20023232,79.32500234
2205,ithaca,47.87519834,78.67585343
2206,ithaca,51.47345851,79.159867
2207,ithaca,52.75122222,79.29365993
2208,ithaca,48.562223,78.78238353
2209,ithaca,53.08124169,79.29725077
2210,ithaca,56.47538337,79.1678401
2211,ithaca,49.57091141,79.03812388
2212,ithaca,37.6277033,74.55750434
2213,ithaca,32.26370009,70.3166389
2214,ithaca,32.54238034,70.70241721
2215,ithaca,52.82501719,85.57813388
2216,ithaca,58.52828954,78.97870425
2217,ithaca,56.26583426,79.25293949
2218,ithaca,57.07589242,79.19392254
2219,ithaca,54.25640238,79.31386485
2220,ithaca,62.68567125,78.17474327
2221,ithaca,68.08560586,76.1123175
2222,ithaca,65.11812196,77.39918845
2223,ithaca,68.7456313,75.79005545
2224,ithaca,63.09022514,78.0414095
2225,ithaca,77.20458932,69.31214977
2226,ithaca,82.03390848,62.68186979
2227,ithaca,81.57794592,63.8949255
2228,ithaca,85.18014328,53.78167666
2229,ithaca,84.28682499,57.25616809
2230,ithaca,85.62248671,45.02416586
2231,ithaca,85.60449902,50.76233791
2232,ithaca,84.42478583,38.76141016
2233,ithaca,85.57098508,44.56009644
2234,ithaca,84.6267242,39.48707751
2235,ithaca,73.39615493,22.81624794
2236,ithaca,73.50744773,22.85698876
2237,ithaca,63.35648811,17.72406884
2238,ithaca,72.95904687,22.51149983
2239,ithaca,64.02084165,17.88358125
2240,ithaca,61.12446324,17.11635336
2241,ithaca,75.67420733,24.78250097
2242,ithaca,69.51358316,20.27935789
2243,ithaca,58.57213547,16.64270381
2244,ithaca,70.98194099,21.1458881
2245,ithaca,65.2230304,18.39719512
2246,ithaca,65.31504391,18.3337483
2247,ithaca,64.01024068,17.92447819
2248,ithaca,57.14093593,16.59861054
2249,ithaca,56.36515326,16.32654637
2250,ithaca,43.04618324,18.40255939
2251,ithaca,52.08175556,16.45387453
2252,ithaca,42.87903652,18.48941103
2253,ithaca,51.5669948,16.48571364
2254,ithaca,58.83912512,16.63763522
2255,ithaca,60.75578914,17.03323151
2256,ithaca,54.76115612,16.3661891
2257,ithaca,53.569905,16.33971255
2258,ithaca,48.91461824,16.79863708
2259,ithaca,52.64613731,16.38483638
2260,ithaca,49.83849299,16.67633028
2261,ithaca,52.6840664,16.40796278
2262,ithaca,65.80721903,18.14076495
2263,ithaca,60.67392092,17.05180236
2264,ithaca,63.39471287,17.70053514
2265,ithaca,64.80200945,18.21687863
2266,ithaca,65.02593981,18.2878245
2267,ithaca,65.75555154,18.51621583
2268,ithaca,69.96773412,20.53898878
2269,ithaca,68.89278402,20.03244884
2270,ithaca,61.82654656,17.26965545
2271,ithaca,60.78797008,17.04620486
2272,ithaca,61.91560964,17.28219122
2273,ithaca,45.02899753,17.7244473
2274,ithaca,39.92136281,19.70184953
2275,ithaca,84.79427788,55.56865037
2276,ithaca,55.66295874,83.35647962
2277,ithaca,50.49224751,78.99753207
2278,ithaca,51.46710114,79.20184458
2279,chicago,51.20389114,83.33977661
2280,chicago,58.9744699,85.49981761
2281,chicago,51.87207267,85.82973763
2282,chicago,48.17993079,85.04511674
2283,chicago,41.6832004,84.0179406
2284,chicago,37.8904155,82.567493
2285,chicago,39.54897369,80.81260177
2286,chicago,39.64957388,82.66453387
2287,chicago,34.75059705,80.01109099
2288,chicago,27.56083529,72.84782559
2289,chicago,24.63553998,71.61071483
2290,chicago,20.95946481,66.04149838
2291,chicago,20.68914905,62.72130521
2292,chicago,19.28820474,62.06305936
2293,chicago,20.02450057,61.34262387
2294,chicago,35.469523,43.11588495
2295,chicago,36.89432765,47.70655597
2296,chicago,39.05554978,55.54697371
2297,chicago,46.95708015,65.24040739
2298,chicago,37.31045274,45.2587509
2299,chicago,40.009672,60.98658251
2300,chicago,48.01438668,65.71281959
2301,chicago,53.70377593,66.38948204
2302,chicago,63.06749989,64.03500046
2303,chicago,62.04803251,63.84586325
2304,chicago,59.83996671,64.47676444
2305,chicago,55.16094182,65.23730817
2306,chicago,61.27978658,65.7664025
2307,chicago,60.83491753,64.60376971
2308,chicago,61.52059065,64.79185504
2309,chicago,36.91654386,41.09524744
2310,chicago,38.50219967,41.56715562
2311,chicago,48.66437073,30.68066685
2312,chicago,50.2852524,30.33792211
2313,chicago,42.27633267,34.52763612
2314,chicago,54.03177562,29.67234831
2315,chicago,37.32935526,39.60204231
2316,chicago,41.38952255,37.29605623
2317,chicago,40.07466666,34.6236852
2318,chicago,35.34968062,47.14107313
2319,chicago,34.76370042,47.62479992
2320,chicago,37.02662945,44.46229305
2321,chicago,36.45556953,40.79184303
2322,chicago,35.53766421,48.72938687
2323,chicago,20.40894789,32.20303042
2324,chicago,23.49571047,25.32246815
2325,chicago,29.55754336,21.36477746
2326,chicago,33.00823391,15.98507146
2327,chicago,53.98039918,29.35098671
2328,chicago,52.2343086,29.71167299
2329,chicago,59.50307661,30.66967394
2330,chicago,41.16378107,34.31575825
2331,chicago,48.99304012,32.03035884
2332,chicago,59.26928032,29.64070177
2333,chicago,45.469177,33.83119273
2334,chicago,62.69126654,30.29037383
2335,chicago,73.42867087,48.57785513
2336,chicago,70.84642611,52.28225333
2337,chicago,71.53901985,45.52180616
2338,chicago,67.62086589,38.00655847
2339,chicago,72.47095256,51.12213482
2340,chicago,64.81223756,62.81091559
2341,chicago,60.85367987,65.49914703
2342,chicago,67.78949616,61.36370155
2343,chicago,41.60955727,83.84868656
2344,chicago,53.00302532,84.6747986
2345,chicago,54.71417106,84.04312807
2346,chicago,44.29166872,82.90944121
2347,chicago,49.19172196,85.87622912
2348,chicago,53.10138178,84.54765869
2349,chicago,51.59984815,84.81982149
2350,chicago,54.37972195,84.24035555
2351,chicago,46.4807681,83.51821167
2352,chicago,53.17465627,84.26056799
2353,chicago,45.27200294,85.23707942
2354,chicago,36.03340215,53.37168776
2355,chicago,28.27119417,72.84023126
2356,chicago,25.05480608,71.54859792
2357,chicago,64.758887,82.31522364
2358,chicago,63.14452748,85.23669633
2359,chicago,50.42467869,85.17474759
2360,chicago,70.64499626,82.43091876
2361,chicago,63.14904908,83.94685535
2362,chicago,62.82402452,84.96618595
2363,chicago,70.23686952,82.17115106
2364,chicago,70.04273524,80.38502135
2365,chicago,72.57062345,80.97121843
2366,chicago,75.13071604,79.98409314
2367,chicago,83.29390573,70.77843179
2368,chicago,79.66426228,73.93230972
2369,chicago,88.43210253,64.624247
2370,chicago,89.11555901,64.00150664
2371,chicago,89.09219763,57.76819305
2372,chicago,91.72600577,52.62335326
2373,chicago,91.73553876,48.97021089
2374,chicago,91.50788817,53.31265209
2375,chicago,88.2390019,31.47743488
2376,chicago,88.5305192,30.47603101
2377,chicago,55.36516034,30.44585028
2378,chicago,62.56025887,30.44713567
2379,chicago,58.00666912,30.2537213
2380,chicago,55.06711799,29.0115352
2381,chicago,61.61477596,29.99439119
2382,chicago,68.54314354,35.65783217
2383,chicago,77.70610965,20.30426019
2384,chicago,68.453046,13.03552859
2385,chicago,68.25720644,12.38463915
2386,chicago,70.25547467,13.25038497
2387,chicago,65.04432528,11.00084148
2388,chicago,60.09224661,11.87211171
2389,chicago,52.99202897,9.906668483
2390,chicago,50.14462898,12.21154309
2391,chicago,46.50861419,11.20713449
2392,chicago,43.80703196,11.31894489
2393,chicago,57.81785469,10.94514243
2394,chicago,50.94049266,9.691547134
2395,chicago,63.49732308,11.91406917
2396,chicago,50.01648295,11.93385209
2397,chicago,58.63676508,11.97472107
2398,chicago,54.73028909,11.41288267
2399,chicago,65.8755478,11.73243636
2400,chicago,57.06098271,9.920560854
2401,chicago,46.81990795,10.49465268
2402,chicago,38.35939487,13.43132262
2403,chicago,47.31541578,12.85345178
2404,chicago,55.05191654,11.94998862
2405,chicago,50.51596026,9.765591622
2406,chicago,49.67741465,10.38313251
2407,chicago,67.28065952,14.12865153
2408,chicago,66.17301826,12.03791702
2409,chicago,61.08854414,10.08453441
2410,chicago,66.05308577,13.38022601
2411,chicago,72.66998927,15.23422594
2412,chicago,61.5034725,10.82841448
2413,chicago,68.99502863,13.99431053
2414,chicago,78.24991617,17.88324091
2415,chicago,36.48198057,15.16276009
2416,chicago,50.96774838,29.67977429
2417,chicago,91.19105361,46.67434284
2418,chicago,55.86376849,85.33648676
2419,chicago,49.2805948,84.04882283
2420,chicago,43.36850154,84.3321772
2421,atlanta,47.69520089,95.24118693
2422,atlanta,44.60997591,93.07583503
2423,atlanta,43.85638148,94.08587177
2424,atlanta,41.5789294,90.30356654
2425,atlanta,49.17741856,96.61053245
2426,atlanta,42.65225098,90.56063973
2427,atlanta,30.12333182,81.14429533
2428,atlanta,31.91551999,79.79041349
2429,atlanta,27.88771936,75.44557599
2430,atlanta,27.54823445,75.16475905
2431,atlanta,20.20977816,67.5166421
2432,atlanta,24.44345283,54.47365512
2433,atlanta,24.63083013,53.3957389
2434,atlanta,21.0379689,49.82929965
2435,atlanta,27.10624293,54.71955315
2436,atlanta,28.08961766,60.51221255
2437,atlanta,31.13573492,61.43191271
2438,atlanta,37.70083752,68.41840528
2439,atlanta,43.3926884,43.59759407
2440,atlanta,51.26239748,49.66650513
2441,atlanta,43.28671292,43.05686032
2442,atlanta,55.90591623,54.25267253
2443,atlanta,50.19895895,52.22502959
2444,atlanta,55.76158737,54.03051724
2445,atlanta,58.32313965,60.03105916
2446,atlanta,70.17145753,70.28222124
2447,atlanta,60.60027647,59.75330888
2448,atlanta,63.76027502,61.18564117
2449,atlanta,54.38949526,53.81190123
2450,atlanta,55.24129699,52.59357463
2451,atlanta,49.07012675,48.89694468
2452,atlanta,46.01811902,46.25772337
2453,atlanta,44.75958744,41.97460661
2454,atlanta,51.60062413,50.03246689
2455,atlanta,36.46588202,35.52418761
2456,atlanta,33.39479873,35.01680131
2457,atlanta,37.58007157,38.8315722
2458,atlanta,36.61972206,36.81141411
2459,atlanta,36.16346644,33.8193142
2460,atlanta,33.16775703,31.24774117
2461,atlanta,42.64498293,40.15432164
2462,atlanta,47.22502527,44.57564662
2463,atlanta,48.392363,50.33152856
2464,atlanta,27.2451932,29.81950745
2465,atlanta,30.40431434,29.07953992
2466,atlanta,30.08079929,27.58802552
2467,atlanta,33.98063397,35.03305815
2468,atlanta,34.25061176,34.44158657
2469,atlanta,51.14118357,20.61832378
2470,atlanta,49.89959207,19.56408354
2471,atlanta,55.58987734,26.29924511
2472,atlanta,55.48205636,22.82746624
2473,atlanta,63.57293938,32.93861761
2474,atlanta,59.02507708,28.32208588
2475,atlanta,62.42377859,33.48659529
2476,atlanta,47.8499077,48.55662465
2477,atlanta,52.26856168,52.8052402
2478,atlanta,68.85102158,39.57343427
2479,atlanta,65.67639603,35.10931543
2480,atlanta,77.74688511,47.37182411
2481,atlanta,80.35293412,47.80029889
2482,atlanta,60.33758649,63.03495933
2483,atlanta,61.65872333,64.10002348
2484,atlanta,71.54503899,72.65771633
2485,atlanta,49.04095664,77.36258327
2486,atlanta,51.88688802,80.11360769
2487,atlanta,57.96898144,85.35604573
2488,atlanta,54.85566465,83.78339767
2489,atlanta,54.13319546,83.79399608
2490,atlanta,51.30882526,80.13639116
2491,atlanta,61.12039438,88.70405291
2492,atlanta,55.56386503,85.81037514
2493,atlanta,55.04412336,83.54141063
2494,atlanta,50.44418532,78.19588831
2495,atlanta,43.827709,71.04705221
2496,atlanta,37.79143238,66.85464103
2497,atlanta,29.29278311,59.79199693
2498,atlanta,32.19209695,60.20065091
2499,atlanta,51.43393552,99.25686729
2500,atlanta,67.46413981,95.99996391
2501,atlanta,65.15070528,92.50263374
2502,atlanta,65.5834277,93.51706094
2503,atlanta,69.28897314,99.57959113
2504,atlanta,81.26944055,80.63594493
2505,atlanta,78.57574484,76.81570309
2506,atlanta,74.1867735,74.34420415
2507,atlanta,72.62220941,74.52696565
2508,atlanta,75.14151959,73.81966846
2509,atlanta,75.16866784,73.90044488
2510,atlanta,85.32420289,55.38857883
2511,atlanta,84.0905076,56.30196801
2512,atlanta,86.25622382,55.83093038
2513,atlanta,92.54879332,42.90190791
2514,atlanta,90.34263451,37.7803861
2515,atlanta,85.8191629,37.57138618
2516,atlanta,90.44181811,40.13311342
2517,atlanta,92.01755908,39.91793113
2518,atlanta,95.26052784,46.00883027
2519,atlanta,41.2902998,42.31155241
2520,atlanta,66.43132432,36.53610974
2521,atlanta,63.98634689,32.71343161
2522,atlanta,61.26968209,29.38572405
2523,atlanta,60.74938919,28.05173634
2524,atlanta,64.65523056,16.61227651
2525,atlanta,68.63828071,18.5080129
2526,atlanta,65.77666516,16.78765607
2527,atlanta,71.13412634,19.38595753
2528,atlanta,63.7231835,14.5214212
2529,atlanta,73.00149407,24.07381254
2530,atlanta,72.4366575,20.57834511
2531,atlanta,68.41276712,19.91312654
2532,atlanta,52.85831502,20.235061
2533,atlanta,53.52995267,24.24191558
2534,atlanta,50.75974105,18.0893946
2535,atlanta,42.53480844,10.16986846
2536,atlanta,41.53039785,13.39629075
2537,atlanta,46.71451799,15.61327447
2538,atlanta,48.45061765,16.21227822
2539,atlanta,59.63261012,7.058037199
2540,atlanta,61.61856825,13.41082272
2541,atlanta,48.83398913,17.72595587
2542,atlanta,45.34265319,13.90881239
2543,atlanta,42.41501229,11.6937811
2544,atlanta,58.93476506,9.369201219
2545,atlanta,60.68362604,10.63264156
2546,atlanta,54.81179837,6.569648703
2547,atlanta,61.58684243,11.02758584
2548,atlanta,59.71600776,11.51909686
2549,atlanta,58.41638401,5.645777483
2550,atlanta,59.24380953,10.54014209
2551,atlanta,56.59436464,8.917344045
2552,atlanta,68.49251322,17.98736343
2553,atlanta,65.00594317,15.91266865
2554,atlanta,63.92103671,15.62096103
2555,atlanta,53.51297054,5.875109528
2556,atlanta,57.83280627,9.222384623
2557,atlanta,31.03291744,28.92814189
2558,atlanta,31.33324409,32.53856948
2559,atlanta,86.40154985,38.74693317
2560,atlanta,47.44211164,98.18430186
2561,atlanta,46.26474134,94.11619216
2562,atlanta,40.16381574,87.44867235
2563,seattle,52.87202149,97.34322266
2564,seattle,59.01414449,93.57487487
2565,seattle,56.37510904,96.30514763
2566,seattle,37.83919968,94.3594435
2567,seattle,39.88537342,90.63466208
2568,seattle,44.07740513,84.1258533
2569,seattle,31.49702549,67.91256216
2570,seattle,25.95259655,73.03318035
2571,seattle,36.43472391,62.29404546
2572,seattle,24.99748269,75.44156166
2573,seattle,32.24627514,70.11058684
2574,seattle,18.10947229,53.70811033
2575,seattle,21.79609923,49.49952952
2576,seattle,24.15049107,47.18853353
2577,seattle,28.6031956,44.2237227
2578,seattle,20.93199968,51.64623549
2579,seattle,35.43553253,34.96103816
2580,seattle,44.37738282,57.68473692
2581,seattle,46.31369241,55.68559177
2582,seattle,46.38607392,51.00216454
2583,seattle,42.49544009,56.90368153
2584,seattle,44.30051503,58.13295928
2585,seattle,46.98828335,55.42063673
2586,seattle,52.42152316,47.86700549
2587,seattle,64.09099819,68.65098501
2588,seattle,63.01687176,68.22525891
2589,seattle,67.30257792,64.41346272
2590,seattle,67.22595689,62.47641053
2591,seattle,50.30998872,47.26788186
2592,seattle,45.41263892,53.87079769
2593,seattle,54.02060718,47.26989721
2594,seattle,49.84202225,50.57655229
2595,seattle,50.71329957,48.77228678
2596,seattle,55.04555491,45.98627275
2597,seattle,37.54370126,32.88402447
2598,seattle,39.79589781,28.44321912
2599,seattle,28.52339102,39.79666625
2600,seattle,31.399646,39.26526322
2601,seattle,39.24156522,33.36141668
2602,seattle,27.71405657,42.25005163
2603,seattle,32.96070352,35.82311129
2604,seattle,35.40473624,31.9391622
2605,seattle,51.64222642,50.83834068
2606,seattle,34.20762084,33.59380544
2607,seattle,36.52348922,35.67104839
2608,seattle,28.41920213,21.31574825
2609,seattle,26.16049694,23.04223147
2610,seattle,40.4353274,27.64007114
2611,seattle,44.54495531,27.36224262
2612,seattle,40.1237272,30.07316194
2613,seattle,42.18480645,28.57367473
2614,seattle,40.00265929,27.48751
2615,seattle,57.12523105,42.73901914
2616,seattle,60.37574497,41.356458
2617,seattle,55.10589613,46.14905106
2618,seattle,61.73727102,38.58484401
2619,seattle,55.74124432,46.65357698
2620,seattle,58.29640842,41.58319773
2621,seattle,57.04254822,42.41875774
2622,seattle,76.77561121,55.2545987
2623,seattle,71.88707726,59.26699262
2624,seattle,73.78837307,58.62081212
2625,seattle,75.13968473,54.24455218
2626,seattle,64.59631891,65.95251293
2627,seattle,46.90953863,85.60226116
2628,seattle,46.9051032,81.56564241
2629,seattle,49.80698774,82.08502559
2630,seattle,48.86324182,83.15835749
2631,seattle,66.7481899,84.00483417
2632,seattle,62.35976628,90.24365992
2633,seattle,47.3748965,83.47155552
2634,seattle,47.44646672,82.62212401
2635,seattle,53.38528063,78.87113626
2636,seattle,49.45270777,79.9306028
2637,seattle,54.80268254,75.36398499
2638,seattle,37.08824513,60.8572275
2639,seattle,32.37596192,68.51082046
2640,seattle,37.47701388,63.78868557
2641,seattle,52.4066489,96.42541501
2642,seattle,50.29704327,99.64417917
2643,seattle,61.56332438,89.86413886
2644,seattle,61.08656039,89.22435565
2645,seattle,59.2364904,91.48110058
2646,seattle,66.15400509,84.11193703
2647,seattle,67.23133478,85.05564081
2648,seattle,73.70990687,78.2706109
2649,seattle,76.58045136,72.89153368
2650,seattle,78.87658116,71.56252768
2651,seattle,77.44900214,72.44730949
2652,seattle,86.85370735,65.54332402
2653,seattle,79.8065313,52.72317979
2654,seattle,76.98827347,54.2027848
2655,seattle,79.4793575,49.14101545
2656,seattle,82.30415956,46.99090362
2657,seattle,90.70069125,41.46670301
2658,seattle,95.44348781,36.18970161
2659,seattle,94.99748805,35.09530111
2660,seattle,91.51784725,36.89026313
2661,seattle,62.29264219,40.02953331
2662,seattle,59.20347561,41.27067767
2663,seattle,65.25639277,32.85410412
2664,seattle,62.4447425,35.41499923
2665,seattle,72.46240629,27.62426383
2666,seattle,69.91942626,29.31109272
2667,seattle,77.76285908,23.49137356
2668,seattle,72.7784102,26.90053537
2669,seattle,65.19831667,33.02717179
2670,seattle,69.45985889,30.19703151
2671,seattle,59.31505552,12.35431367
2672,seattle,51.48771336,20.84361069
2673,seattle,57.11244755,15.32178517
2674,seattle,50.22441782,19.17096988
2675,seattle,50.43386119,18.53487085
2676,seattle,56.3803054,14.78845971
2677,seattle,54.8635046,14.00961192
2678,seattle,45.49985765,3.985426293
2679,seattle,49.93674531,21.59009692
2680,seattle,53.80987292,17.76641445
2681,seattle,59.85267828,9.039949921
2682,seattle,48.17565679,19.52121535
2683,seattle,50.74171907,17.83840561
2684,seattle,58.4597613,14.14866285
2685,seattle,50.11459752,1.741461713
2686,seattle,45.42038208,5.372408995
2687,seattle,51.3532682,0.303872421
2688,seattle,53.09170442,19.29003045
2689,seattle,58.94316654,11.61287779
2690,seattle,59.31099042,10.57213637
2691,seattle,68.22219866,1.133880366
2692,seattle,62.51177199,7.491232483
2693,seattle,69.38005636,1.488132333
2694,seattle,82.80024787,18.52937624
2695,seattle,85.16033218,15.01836954
2696,seattle,67.0958477,0.601490942
2697,seattle,62.30775057,5.749974719
2698,seattle,59.97041505,7.913310474
2699,seattle,39.91163517,32.14402261
2700,seattle,39.59650098,32.13613173
2701,seattle,95.5934164,33.2341294
2702,seattle,52.77228811,99.61347168
2703,seattle,53.17861445,98.60386119
2704,seattle,37.62705346,93.06067295
2705,toronto,65.81554009,95.58837406
2706,toronto,65.67226516,91.93340181
2707,toronto,39.00271645,92.26183816
2708,toronto,37.7953028,93.53245536
2709,toronto,35.51390059,89.59919011
2710,toronto,39.21945291,83.54348184
2711,toronto,31.58820139,77.02805242
2712,toronto,32.65777825,80.1138613
2713,toronto,31.64159927,77.61083319
2714,toronto,30.98714261,63.94402803
2715,toronto,27.43963221,65.74446296
2716,toronto,30.57836994,65.52194547
2717,toronto,28.80940164,59.62100447
2718,toronto,27.93951858,50.98506213
2719,toronto,33.84994979,46.28447445
2720,toronto,32.62846305,54.06372049
2721,toronto,32.43865009,49.90301949
2722,toronto,35.83829208,53.35148834
2723,toronto,37.14204292,49.74198795
2724,toronto,34.64454677,54.44410778
2725,toronto,35.6754047,49.62564335
2726,toronto,64.99458547,49.46217283
2727,toronto,66.12914983,61.64371789
2728,toronto,65.79065188,55.94537372
2729,toronto,67.50178061,60.85022747
2730,toronto,67.62951422,61.42910607
2731,toronto,63.91006406,62.97233493
2732,toronto,66.54935797,67.72558866
2733,toronto,64.05154171,48.82009398
2734,toronto,68.19328958,46.54354081
2735,toronto,65.2783892,44.82035293
2736,toronto,34.99766139,28.63299394
2737,toronto,33.92376617,53.55868852
2738,toronto,66.00445437,52.68466915
2739,toronto,37.02325625,32.11848168
2740,toronto,34.69827009,36.47535413
2741,toronto,34.86344417,30.93927452
2742,toronto,31.09006508,32.38375472
2743,toronto,34.92130615,35.41843805
2744,toronto,30.34336118,32.52456317
2745,toronto,35.48332887,44.49163493
2746,toronto,33.23491043,38.50248372
2747,toronto,35.43994362,47.79751769
2748,toronto,33.87350952,37.05602845
2749,toronto,28.5641378,34.62639972
2750,toronto,31.31954867,31.66399053
2751,toronto,30.79617438,23.51903436
2752,toronto,34.23335543,22.4959116
2753,toronto,36.63078771,31.47683126
2754,toronto,34.5486191,26.11108787
2755,toronto,37.5196356,29.26760589
2756,toronto,62.42569733,34.04420627
2757,toronto,64.32038379,31.78562948
2758,toronto,65.44553251,43.27349919
2759,toronto,64.32563159,41.61597638
2760,toronto,65.2643382,35.71754478
2761,toronto,66.38870418,38.84474434
2762,toronto,68.19142282,45.16948648
2763,toronto,68.54066245,48.43852634
2764,toronto,67.66143127,51.06858459
2765,toronto,68.67551605,50.46523481
2766,toronto,69.08170998,55.4740531
2767,toronto,69.04871649,66.36604575
2768,toronto,67.30822338,71.59029658
2769,toronto,38.71489941,76.39697782
2770,toronto,35.54809488,89.30497584
2771,toronto,36.71067294,86.074967
2772,toronto,64.91266244,87.64579606
2773,toronto,66.06413574,89.20866858
2774,toronto,64.93592948,87.07213812
2775,toronto,67.02655071,76.22251533
2776,toronto,65.31403223,77.93874403
2777,toronto,64.29521778,84.12585721
2778,toronto,38.79801214,74.61063043
2779,toronto,34.67575731,79.63759877
2780,toronto,30.71926194,58.81206008
2781,toronto,34.10515093,64.12919723
2782,toronto,33.42337185,67.09574336
2783,toronto,66.31380967,98.93102704
2784,toronto,65.30963145,98.16515684
2785,toronto,65.71407607,99.28376395
2786,toronto,67.59345319,90.95190982
2787,toronto,66.38801732,89.28123047
2788,toronto,67.80618811,91.68817735
2789,toronto,70.96261031,86.51812135
2790,toronto,71.99363717,78.82094807
2791,toronto,72.47983433,80.80068306
2792,toronto,74.07842923,72.95153085
2793,toronto,72.03628802,69.71604842
2794,toronto,72.99818627,59.66564471
2795,toronto,74.81213123,57.58988376
2796,toronto,73.02730502,46.27418787
2797,toronto,77.06711193,51.48691819
2798,toronto,75.01713687,46.62244265
2799,toronto,76.66530773,38.44025097
2800,toronto,77.91587423,45.92684338
2801,toronto,73.74204608,39.12098532
2802,toronto,75.32981579,32.83035192
2803,toronto,63.41043551,38.37773561
2804,toronto,68.85648667,43.08414721
2805,toronto,66.33778505,33.30651
2806,toronto,64.2037185,26.6441143
2807,toronto,64.49863483,22.86350133
2808,toronto,68.89099061,27.29620567
2809,toronto,72.37152334,21.96163975
2810,toronto,69.76542497,19.99985045
2811,toronto,68.62131244,18.91567644
2812,toronto,64.29773717,20.42874969
2813,toronto,66.69926509,18.59108534
2814,toronto,67.54452768,16.44793813
2815,toronto,63.94695198,18.69284545
2816,toronto,64.38819207,15.77281228
2817,toronto,65.57004569,23.76575822
2818,toronto,38.40283688,19.04685867
2819,toronto,37.83236002,14.46948945
2820,toronto,36.90416117,13.58381575
2821,toronto,36.28614305,17.10577073
2822,toronto,62.78663259,13.9189931
2823,toronto,66.81767922,11.41249716
2824,toronto,66.75502141,18.08530514
2825,toronto,65.41552839,10.46351221
2826,toronto,36.94633144,13.5143775
2827,toronto,37.82543474,9.601034295
2828,toronto,36.72283794,9.333302107
2829,toronto,67.07332178,6.049214582
2830,toronto,64.60181811,12.00191696
2831,toronto,65.43728218,15.54538608
2832,toronto,67.00402238,15.34582664
2833,toronto,66.72419207,5.249805481
2834,toronto,68.30761876,13.28091652
2835,toronto,68.76804828,13.52145655
2836,toronto,74.16727175,5.349880873
2837,toronto,64.90035797,16.24525837
2838,toronto,68.76343355,8.700572944
2839,toronto,66.81691392,12.27329434
2840,toronto,67.30934665,0.21700627
2841,toronto,34.73182931,19.60179507
2842,toronto,33.67444215,26.09049021
2843,toronto,75.62725502,37.12875195
2844,toronto,40.61012542,89.13623987
2845,toronto,39.11436645,96.48175132
2846,toronto,34.58382893,89.58890199
